{
    "macOS": [
        {
            "name": "Photoshop",
            "paths": [
                "/Applications/Adobe Photoshop 2022/Adobe Photoshop 2022.app",
                "/Applications/Adobe Photoshop 2020/Adobe Photoshop 2020.app",
                "/Applications/Adobe Photoshop CC 2019/Adobe Photoshop CC 2019.app",
                "/Applications/Adobe Photoshop CC 2018/Adobe Photoshop CC 2018.app",
                "/Applications/Adobe Photoshop CC 2017/Adobe Photoshop CC 2017.app"
            ],
            "types": ["png", "jpg", "gif", "psd"]
        },
        {
            "name": "Krita",            
            "paths": ["/Applications/krita.app"],
            "types": ["png", "jpg", "psd"]
        },
        {
            "name": "Aseprite",
            "paths": ["~/Library/Application Support/Steam/SteamApps/common/Aseprite/Aseprite.app"],
            "types": ["png", "aseprite"]
        },
        {
            "name": "GIMP",
            "paths": ["/Applications/GIMP-2.10.app"],
            "types": ["png", "jpg"]
        },
        {
            "name": "Tiled",
            "paths": ["/Applications/Tiled.app"],
            "types": ["tmx"]
        },
        {
            "name" : "Audacity",
            "paths" : ["/Applications/Audacity.app"],
            "types" : ["mp3", "aup", "wav"]
        },
        {
            "name" : "VS Code",
            "paths" : ["/Applications/Visual Studio Code.app"],
            "types": ["pyxl", "json", "html", "md"]
        },
        {
            "name" : "Xcode",
            "paths" : ["/Applications/Xcode.app"],
            "types": ["pyxl", "json", "html", "md"]
        },
        {
            "name" : "Emacs (Terminal)",
            "paths" : ["/usr/bin/emacs"],
            "types": ["pyxl", "json", "html", "md"]
        },
        {
            "name" : "Emacs (GUI)",
            "paths" : ["/Applications/Emacs.app"],
            "types": ["pyxl", "json", "html", "md"]
        },
        {
            "name" : "Vim",
            "paths" : ["/usr/bin/vim"],
            "types": ["pyxl", "json", "html", "md"]
        }
    ],

   "Windows": [
       {
           "name": "Photoshop",
           "paths": [
               "C:/Program Files/Adobe/Adobe Photoshop 2022/Photoshop.exe",
               "C:/Program Files/Adobe/Adobe Photoshop 2020/Photoshop.exe",
               "C:/Program Files/Adobe/Adobe Photoshop CC 2019/Photoshop.exe",
               "C:/Program Files/Adobe/Adobe Photoshop CC 2018/Photoshop.exe",
               "C:/Program Files/Adobe/Adobe Photoshop CC 2017/Photoshop.exe"
           ],
           "types": ["png", "jpg", "gif", "psd"]
       },

       {
           "name" : "Tiled",
           "paths" : ["C:/Program Files/Tiled/tiled.exe"],
           "types" : ["tmx"]
       },

       {
           "name" : "VS Code",
           "paths" : ["~/AppData/Local/Programs/Microsoft VS Code/Code.exe"],
           "types": ["pyxl", "json", "html", "md"]
       },
       {
        "name" : "Visual Studio 2019",
        "paths" : [
            "C:/Program Files (x86)/Microsoft Visual Studio/2019/Professional/Common7/IDE/devenv.exe",
            "C:/Program Files (x86)/Microsoft Visual Studio/2019/Community/Common7/IDE/devenv.exe"],
        "types": ["pyxl", "json", "html", "md"]
       },
       {
        "name": "Aseprite",
        "paths": ["C:/Program Files/steam/steamapps/common/Aseprite/aseprite.exe"],
        "types": ["png", "aseprite"]
        },       
       {
            "name" : "Notepad++",
            "paths" : ["C:/Program Files (x86)/Notepad++/notepad++.exe"],
            "types": ["json", "html", "md"]
       },    
       {
           "name" : "Audacity",
           "paths" : ["C:/Program Files (x86)/Audacity/audacity.exe"],
           "types": ["aud", "wav", "mp3"]
       }
    ]
}
